,playlist_name,album,artist,track_name,spotify_track_uri
5,Visitors,The Female Touch [Disc 2],Morcheeba,Part Of The Process,
11,Visitors,We Are the Night,The Chemical Brothers,Saturate,
15,Visitors,We Are the Night,The Chemical Brothers,All Rights Reversed,
33,You Never Know,The Female Touch [Disc 2],Morcheeba,Part Of The Process,
36,You Never Know,We Are the Night,The Chemical Brothers,Saturate,
49,You Never Know,We Are the Night,The Chemical Brothers,All Rights Reversed,
50,Enjoy the Ride,Dive Deep,Morcheeba,Enjoy the Ride (feat. Judie Tzuke),
59,Enjoy the Ride,The Female Touch [Disc 2],Morcheeba,Part Of The Process,
65,Enjoy the Ride,Good Arrows,Tunng,Bullets,
66,Enjoy the Ride,Heligoland,Massive Attack,Paradise Circus,
85,Kill and Run,Cruel Intentions,Placebo,Every You Every Me (Single Mix),
87,Kill and Run,The King and All of His Men - Single,Wolf Gang,The King and All of His Men,
96,Kill and Run,Welcome to the Monkey House,The Dandy Warhols,We Used to Be Friends,
99,Kill and Run,"Sia Live: The We Meaning You Tour [27.05.2010 @ The Roundhouse, London]",Sia,You Have Been Loved,
105,Ladder Song,End Times (Deluxe Version),Eels,Nowadays,
106,Ladder Song,Port of Morrow,The Shins,Simple Song,
120,Ladder Song,End Times (Deluxe Version),Eels,Little Bird,
122,Ladder Song,Amnesiac,Radiohead,Life In A Glass House,
127,Lay Down Your Blade,Homework,Daft Punk,Da Funk,
132,Lay Down Your Blade,Homework,Daft Punk,Around The World,
136,Lay Down Your Blade,Homework,Daft Punk,Phoenix,
139,Lay Down Your Blade,Homework,Daft Punk,Fresh,
142,Lay Down Your Blade,Homework,Daft Punk,Funk Ad,
146,Lay Down Your Blade,Homework,Daft Punk,Daftendirekt,
150,Lifeline,Stealing Beauty,Nina Simone,My Baby Just Cares For Me,
152,Lifeline,Point Of No Return,Nina Simone,Black Is The Color Of My True Love's Hair,
154,Lifeline,Stealing Beauty,Billie Holiday,I'll Be Seeing You,
187,Running On Fumes 1,We Are the Night,The Chemical Brothers,All Rights Reversed,
195,Running On Fumes 1,18,Moby Feat. Azure Ray,Great Escape,
196,Running On Fumes 1,We Are the Night,The Chemical Brothers,Battle Scars,
200,Talisman,Moon Safari,Air,Talisman,
204,Talisman,The Female Touch [Disc 2],Morcheeba,Part Of The Process,
208,Talisman,Cafe D'Afrique III,The Funky Lowlives,Sail Into The Sun,
216,Talisman,Les Djinns - EP,Djuma Soundsystem,Trentemöller mix,
222,Talisman,We Are the Night,The Chemical Brothers,We Are the Night,
225,Trentemöller mix,Les Djinns - EP,Djuma Soundsystem,Trentemöller mix,
230,Trentemöller mix,Trance Nation 2 [Disc 1],Nalin & Kane,Beachball (Extended Vocal Mix),
236,Trentemöller mix,We Are the Night,The Chemical Brothers,Do It Again,
237,Trentemöller mix,Fucking Good Cheese,CRW,I Feel Love (Dj Jamx & De Leon Mix),
239,Trentemöller mix,Chilled Euphoria [Disc 1],Chicane,Saltwater [The Thrillseekers Remix],
241,Trentemöller mix,18,Moby Feat. MC Lyte & Angie Stone,Jam For The Ladies,
249,Trentemöller mix,We Are the Night,The Chemical Brothers,Saturate,
251,Bjork,Debut,Björk,Human Behaviour,
252,Bjork,Homogenic,Björk,Hunter,
253,Bjork,Jóga,Björk,Jóga,
254,Bjork,Debut,Björk,Venus as a Boy,
255,Bjork,Homogenic,Björk,Bachelorette,
256,Bjork,Telegram,Björk,I Miss You (Dobie Rub Part One),
257,Bjork,Jóga,Björk,All Is Full of Love (Choice Mix),
258,Bjork,Debut,Björk,Big Time Sensuality,
259,Bjork,Telegram,Björk,Isobel (Deodata Mix),
260,Bjork,Debut,Björk,Violently Happy,
261,Die fabelhafte Welt der Amelie,Cascade Street,Yann Tiersen,I've Never Been There,
262,Die fabelhafte Welt der Amelie,Le Fabuleux destin d'Amélie Poulain (Bande originale du film),Yann Tiersen,Les jours tristes (Instrumental),
263,Die fabelhafte Welt der Amelie,Le Fabuleux destin d'Amélie Poulain (Bande originale du film),Yann Tiersen,La valse d'Amélie,
264,Die fabelhafte Welt der Amelie,Le Fabuleux destin d'Amélie Poulain (Bande originale du film),Yann Tiersen,"Comptine d'un autre été, l'après-midi",
265,Die fabelhafte Welt der Amelie,Le Fabuleux destin d'Amélie Poulain (Bande originale du film),Yann Tiersen,L'autre valse d'Amélie,
267,Die fabelhafte Welt der Amelie,Le Fabuleux destin d'Amélie Poulain (Bande originale du film),Yann Tiersen,A quai,
268,Die fabelhafte Welt der Amelie,Le Fabuleux destin d'Amélie Poulain (Bande originale du film),Yann Tiersen,Le moulin,
269,Die fabelhafte Welt der Amelie,Cascade Street,Yann Tiersen,Not That Simple,
270,Die fabelhafte Welt der Amelie,Le Fabuleux destin d'Amélie Poulain (Bande originale du film),Yann Tiersen,La valse d'Amélie (Version orchestre),
271,Die fabelhafte Welt der Amelie,Le Fabuleux destin d'Amélie Poulain (Bande originale du film),Yann Tiersen,La valse des vieux os,
272,Die fabelhafte Welt der Amelie,The Lighthouse - Everything's Calm,Yann Tiersen,Dispute,
273,Die fabelhafte Welt der Amelie,Cascade Street,Yann Tiersen,Evening Party,
274,Die fabelhafte Welt der Amelie,Le Fabuleux destin d'Amélie Poulain (Bande originale du film),Yann Tiersen,La redécouverte,
275,Die fabelhafte Welt der Amelie,The Waltz of the Monsters,Yann Tiersen,Banquet,
276,Die fabelhafte Welt der Amelie,Le Fabuleux destin d'Amélie Poulain (Bande originale du film),Yann Tiersen,La Valse d'Amélie (Version piano),
277,Die fabelhafte Welt der Amelie,The Waltz of the Monsters,Yann Tiersen,The Waltz of the Monsters (Accordions),
278,Die fabelhafte Welt der Amelie,Le Fabuleux destin d'Amélie Poulain (Bande originale du film),Yann Tiersen,L'autre valse d'Amélie (Quatuor à cordes et piano),
279,Die fabelhafte Welt der Amelie,Le Fabuleux destin d'Amélie Poulain (Bande originale du film),Yann Tiersen,Les deux pianos,
280,Die fabelhafte Welt der Amelie,Le Fabuleux destin d'Amélie Poulain (Bande originale du film),Yann Tiersen,Comptine d'un autre été: la démarche,
281,Die fabelhafte Welt der Amelie,Le Fabuleux destin d'Amélie Poulain (Bande originale du film),Yann Tiersen,La maison,
282,Die fabelhafte Welt der Amelie,Le Fabuleux destin d'Amélie Poulain (Bande originale du film),Yann Tiersen,La valse d'Amélie (Version orchestre) [Live],
291,Elton John Essentials,Diamonds (Deluxe),Elton John & Kiki Dee,Don't Go Breaking My Heart (Remastered),
292,Elton John Essentials,Don't Shoot Me I'm Only The Piano Player,Elton John,Crocodile Rock,
298,Elton John Essentials,Diamonds (Deluxe),Elton John,Daniel (Remastered),
306,Elton John Essentials,Caribou (Remastered 1995),Elton John,The Bitch Is Back (Remastered 1995),
316,Elton John Essentials,Diamonds (Deluxe),Elton John,The Bitch Is Back (Remastered),
320,Elton John Essentials,Diamonds (Deluxe),Elton John,Lucy In The Sky With Diamonds (Remastered),
327,FM4 Vienna Days,Dive Deep,Morcheeba,Enjoy the Ride (feat. Judie Tzuke),
328,FM4 Vienna Days,StillNo1 (Bonus Track Version),Slut,Odds and Ends,
334,FM4 Vienna Days,Pets & Friends,Nina Kinert,Beast,
336,FM4 Vienna Days,Songs for My Piano,Martin Klein,On My Way to You,
343,FM4 Vienna Days,Brothers (Deluxe Remastered Anniversary Edition),The Black Keys,Tighten Up,
344,FM4 Vienna Days,Crack My Bones,The Shoes,People Movin' (feat. Primary 1),
349,FM4 Vienna Days,Gang of Losers,The Dears,Whites Only Party,
352,FM4 Vienna Days,Hinterland,An Pierlé & White Velvet,Broke My Bones,
354,FM4 Vienna Days,Mutual Friends,BOY,Little Numbers,
359,FM4 Vienna Days,Love Letters,Metronomy,Love Letters,
364,FM4 Vienna Days,"Alpine Grooves, Vol. 8 (Kristallhütte)",Rufus,Innerbloom,
372,FM4 Vienna Days,The Barrel - Single,Aldous Harding,The Barrel,
376,FM4 Vienna Days,First Two Pages of Frankenstein,The National,Tropic Morning News,
381,HVOB Essentials,Silk,HVOB & Winston Marshall,The Blame Game,
392,HVOB Essentials,HVOB,HVOB,The Last Song Ever Written,
394,Kate Bush Essentials,The Kick Inside,Kate Bush,Wuthering Heights,
396,Kate Bush Essentials,The Sensual World (2018 Remaster),Kate Bush,This Woman's Work (2018 Remaster),
400,Kate Bush Essentials,The Kick Inside,Kate Bush,The Man with the Child In His Eyes,
403,Kate Bush Essentials,The Sensual World (2018 Remaster),Kate Bush,The Sensual World (2018 Remaster),
405,Kate Bush Essentials,The Whole Story,Kate Bush,Sat In Your Lap,
407,Kate Bush Essentials,The Kick Inside (Remastered),Kate Bush,Moving,
412,Kate Bush Essentials,The Sensual World (2018 Remaster),Kate Bush,Love and Anger (2018 Remaster),
414,Kate Bush Essentials,The Kick Inside (Remastered),Kate Bush,Them Heavy People,
415,Kate Bush Essentials,Hounds of Love (2018 Remaster),Kate Bush,The Big Sky (2018 Remaster),
416,Kate Bush Essentials,The Kick Inside (Remastered),Kate Bush,The Saxophone Song,
417,Kate Bush Essentials,The Kick Inside (Remastered),Kate Bush,James and the Cold Gun,
419,Kate Bush Essentials,The Red Shoes (2018 Remaster),Kate Bush,Rubberband Girl (2018 Remaster),
420,Kate Bush Essentials,The Kick Inside (Remastered),Kate Bush,Oh to Be In Love,
423,Kate Bush Essentials,The Red Shoes (2018 Remaster),Kate Bush,The Red Shoes (2018 Remaster),
424,Kate Bush Essentials,The Dreaming (2018 Remaster),Kate Bush,Suspended In Gaffa (2018 Remaster),
425,Kate Bush Essentials,The Kick Inside (Remastered),Kate Bush,Kite,
430,Killing Eve Soundtrack,Satie: Avant-dernières pensées,Alexandre Tharaud,"Trois Gnossiennes: No. 3, Lent",
439,Killing Eve Soundtrack,Brigitte Bardot Show 67,Brigitte Bardot,Contact,
442,Killing Eve Soundtrack,Follow The Band,Otto Jensen,La Marseillaise,
443,Killing Eve Soundtrack,Keep On Your Mean Side,The Kills,Gypsy Death & You,
446,Killing Eve Soundtrack,Guilty of Love (Deluxe Version),Unloved,Unloved 7 (Bonus Track),
447,Killing Eve Soundtrack,Guilty of Love (Deluxe Version),Unloved,Unloved 7 (Bonus Track),
456,Killing Eve Soundtrack,Dance Of The Blessed Spirits,Dance Of The Blessed Spirits,Dance Of The Blessed Spirits From Orfeo Ed Euridice,
460,Killing Eve Soundtrack,Strictly R&B Classics Vol 9,Sam Cooke,Nearer To Thee,
461,Killing Eve Soundtrack,Hymns Triumphant,"London Philharmonic Concert Society, John Alldis & National Philharmonic Orchestra",Abide With Me,
477,Killing Eve Soundtrack,"Floor Filler Killers. New Directions, Vol. 3 (Remastered)",Guy Darrell,Evil Woman,
478,Killing Eve Soundtrack,Heartbreak,Barry Woolnough & Unloved,Danger,
481,Killing Eve Soundtrack,The Hits Collection,Kim Wilde,Kids In America,
482,Killing Eve Soundtrack,The French Mademoiselle,Jacqueline Taïeb,La plus belle chanson,
486,Killing Eve Soundtrack,"The Kpm 1000 Series, Vol. 1",Bill Le Sage,Bossa Noches,
489,Killing Eve Soundtrack,Heartbreak,Unloved,Lee,
493,Killing Eve Soundtrack,40 Seasons in the Sun,The Poppy Family & Terry Jacks,Where Evil Grows,
495,Killing Eve Soundtrack,Ufo,Pyrit,Heroes Everything,
498,Killing Eve Soundtrack,The Delmonas,The Delmonas,Dangerous Charms,
503,Killing Eve Soundtrack,I Only Have Eyes for You,The Flamingos,I Only Have Eyes for You,
505,Killing Eve Soundtrack,Baluba Shake (The Essential: Ri-Fi Record Original Recordings),Brunetta,Baluba Shake,
511,Nina Simone Essentials,Mood Indigo: The Complete Bethlehem Singles,Nina Simone,My Baby Just Cares for Me,
514,Nina Simone Essentials,The Songwriter - EP,Nina Simone,"Mississippi Goddam (Live At Carnegie Hall, New York, 1964)",
518,Nina Simone Essentials,Mood Indigo: The Complete Bethlehem Singles,Nina Simone,"I Loves You, Porgy (2014 - Remaster)",
531,Nina Simone Essentials,Little Girl Blue (2021 - Stereo Remaster),Nina Simone,Little Girl Blue (2021 - Stereo Remaster),
532,Nina Simone Essentials,Little Girl Blue (2021 - Stereo Remaster),Nina Simone,Little Girl Blue (2021 - Stereo Remaster),
535,Nina Simone Essentials,Let It All Out,Nina Simone,The Other Woman (Live In New York/1964),
536,Nina Simone Essentials,Sings the Blues,Nina Simone,The House of the Rising Sun,
538,Street parade Zurich 1998,Eternal Rapsody - Single,Marino Stephano,Eternal Rapsody,
540,Street parade Zurich 1998,Love - Freedom - Tolerance (Official Street Parade 2001 Hymn),Mind-X,Love - Freedom - Tolerance (Official Street Parade 2001 Hymn) [Fridge vs. Mind-X Single Edit],
544,Street parade Zurich 1998,Mental Movement - Remixes - Single,Overtone,Mental Movement (Marino Stephano Remix),
545,Street parade Zurich 1998,Falling in Love (feat. Jessy) - EP,The Mackenzie,Falling in Love (feat. Jessy),
